Spent,Age,Mean
1,"(13.0, 18.0]",125.75
1,"(18.0, 22.0]",120.48275862069
1,"(22.0, 25.0]",118.310344827586
1,"(25.0, 30.0]",103.64829821718
1,"(30.0, 35.0]",107.887724550898
1,"(35.0, 40.0]",109.672440944882
1,"(40.0, 45.0]",109.674129353234
1,"(45.0, 55.0]",104.692513368984
1,"(55.0, 65.0]",103.298245614035
1,"(65.0, 200.0]",84.7692307692308
