Spent,Age,Mean
0,"(13.0, 18.0]",93.678391959799
0,"(18.0, 22.0]",108.446264073695
0,"(22.0, 25.0]",97.6543291473893
0,"(25.0, 30.0]",95.999938901448
0,"(30.0, 35.0]",99.0297233876129
0,"(35.0, 40.0]",98.2312524850895
0,"(40.0, 45.0]",97.999519577228
0,"(45.0, 55.0]",94.7837434750186
0,"(55.0, 65.0]",87.2247570764681
0,"(65.0, 200.0]",84.0574162679426
